,count,mean,std,min,25%,50%,75%,max
Age Outcome,1000.0,744.539,1052.9293056048932,0.0,85.0,366.0,787.75,5480.0
Age Intake,1000.0,729.136,1051.93065056476,-2.0,61.0,365.0,731.0,5479.0
